,SmartRoad Vision: Traffic Sign & Traffic Light Detection with Distance Estimation,Unnamed: 1,Unnamed: 2,Unnamed: 3,Unnamed: 4,Unnamed: 5,Unnamed: 6,Unnamed: 7,Unnamed: 8,Unnamed: 9,Unnamed: 10,Unnamed: 11
0,STT,Title,year,Problem,Method,Data,result,strength,weakness,link,phụ trách,ghi chú
1,1,Traffic Signs Recognition and Distance Estimation using a Monocular Camera,2019,"Nhận diện biển báo giao thông chính xác, thời gian thực từ camera đơn, đồng thời giảm chi phí/khối lượng dữ liệu cần gán nhãn (vốn là điểm nghẽn của các hệ thống trước đó).","YOLOv2 kết hợp Active Learning (3 chiến lược lấy mẫu: Positive Image-Set 45%, Unsure Image-Set 35%, Negative Image-Set 20%); ước tính khoảng cách bằng SSD (Sum of Squared Difference) dựa trên diện tích bounding box của biển báo.",https://www.kaggle.com/datasets/meowmeowmeowmeowmeow/gtsrb-german-traffic-sign,Độ chính xác nhận diện ~97% (mAP) trên tập test; tốc độ xử lý ~60 ms/frame (đạt yêu cầu thời gian thực); active learning đạt độ chính xác tương đương/vượt supervised learning truyền thống (92%) dù dùng ít dữ liệu gán nhãn hơn.,Kết hợp deep learning + active learning giúp giảm mạnh chi phí gán nhãn dữ liệu; đạt tốc độ thời gian thực; có tích hợp ước tính khoảng cách thực tế cho hệ thống hỗ trợ lái xe.,"Bounding box thường không khớp chính xác vị trí biển báo; sai số ước tính khoảng cách chưa được tối ưu; chỉ thử nghiệm trên 2 loại biển báo (speed sign, stop sign); thiếu so sánh với các detector khác (R-CNN, Faster R-CNN, SSD).",https://ceur-ws.org/Vol-2514/paper104.pdf,Ninh,
2,2,2. Robust real-time traffic light detection and distance estimation using a single camera,2015,"Phát hiện đèn giao thông và ước tính khoảng cách chính xác trong cả điều kiện ban ngày lẫn ban đêm, phục vụ xe tự lái vận hành trong môi trường giao thông hỗn hợp (người lái + xe tự động).",Pipeline 4 bước: (1) thu ảnh thích ứng có kiểm soát độ phơi sáng; (2) phân đoạn màu bằng hai quy trình phân cụm mờ (fuzzy clustering); (3) toán tử hình thái + quy tắc lọc theo đặc tính đèn giao thông; (4) ước tính khoảng cách và theo dõi (tracking) bằng bộ lọc Bayesian.,Không tìm thấy link tải dữ liệu công khai.,"Độ chính xác 99,4% trong khoảng cách 10-115 mét; hoạt động ổn định ở nhiều điều kiện ánh sáng; xác thực thực địa qua ""Thử nghiệm xe Driverless đô thị trên đường công cộng"" tại Ý (2013), xe BRAiVE, camera 752x480.","Hoạt động hiệu quả cả ngày lẫn đêm; độ chính xác cao (99,4%); đã kiểm chứng thực tế quy mô lớn trên xe thật; xử lý thời gian thực.",Dùng camera đơn nên giới hạn độ chính xác ước tính 3D; phạm vi phát hiện có giới hạn (10-115 m); phụ thuộc đặc tính màu sắc nên dễ bị ảnh hưởng bởi ánh sáng phản chiếu/thời tiết; cần xử lý song song để đạt thời gian thực.,https://www.sciencedirect.com/science/article/abs/pii/S0957417414008161,Ninh,"Ghi chú: bài báo dùng dữ liệu quay thực tế trên xe BRAiVE (hơn 1 giờ video, ~7.388 phát hiện ngày / >11.000 phát hiện đêm), không phải bộ dữ liệu công khai — khớp với ghi chú đã điền ở cột Data."
3,3,3. Traffic Sign Visibility Estimation Using a Monocular Single-Stage Object Detector,2026,"Phát hiện đúng biển báo chưa đủ để đánh giá an toàn hạ tầng: cần xác định biển báo có thực sự ""nhìn thấy được"" ở khoảng cách đủ để tài xế kịp phản ứng; các phương pháp thuần camera thường ước tính khoảng cách nhìn thấy cao hơn thực tế (overestimation).",Framework tự động: YOLOv5 (monocular single-stage detector) phát hiện biển báo + hiệu chỉnh hình học (geometric correction) chuyển đổi khoảng cách đo từ camera sang góc nhìn thực tế của tài xế; kiểm chứng qua 308 lần chạy thử thực địa (tốc độ 20-80 kph).,https://www.kaggle.com/datasets/meowmeowmeowmeowmeow/gtsrb-german-traffic-sign,"YOLOv5 đạt mAP@0.5 > 0,92; khoảng cách nhìn thấy theo loại biển báo: thông tin (informatory) 70-78 m, bắt buộc (mandatory) 30-57 m, cảnh báo (warning) 17-37 m; vị trí đặt biển tại dải phân cách (ATM) cho tầm nhìn cao hơn 10-20% so với vai đường (ATS); hiệu chỉnh hình học giảm sai số overestimation 3-7%.",Dữ liệu thực địa từ 308 lần chạy thử; giải quyết rõ vấn đề overestimation vốn bị bỏ qua ở các nghiên cứu khác; phân loại biển báo chi tiết theo vị trí quan sát; có giá trị thực tiễn cho kiểm toán an toàn đường bộ.,Dữ liệu thu thập chỉ ở khu vực nông thôn/ngoại ô (chưa bao gồm đô thị); không nêu rõ số lượng biển báo mỗi loại; là công cụ hậu xử lý (post-detection) chứ không thay thế bước phát hiện; thiếu so sánh với các phương pháp hiệu chỉnh khác.,https://link.springer.com/article/10.1007/s42979-026-05180-5,Ninh,"Ghi chú: theo nội dung bài báo, dữ liệu thực nghiệm là bộ ảnh tự xây dựng riêng (4.620 ảnh gán nhãn, thu từ 308 lần chạy thử thực địa), khác với link GTSRB đã điền sẵn ở cột Data — nên kiểm tra lại nguồn dữ liệu."
4,4,4.Custom Anchorless Object Detection Model for 3D Synthetic Traffic Sign Board Dataset with Depth Estimation and Text Character Extraction,2024,"Nhận dạng biển báo giao thông (đặc biệt biển nhỏ) trong điều kiện khắc nghiệt (ánh sáng thay đổi, thời tiết xấu, góc nhìn khác nhau), đồng thời trích xuất thông tin văn bản (tên địa danh, số hiệu đường) cho xe tự lái; phương pháp truyền thống HOG+SVM khó cân bằng tốc độ và độ chính xác.",-giai đoạn 1:phat hiện vật thể và giai đoạn 2 đọc văn bản,3D Synthetic Dataset,"Bài báo không công bố số liệu định lượng cụ thể (mAP/F1) trong phần nội dung truy cập được; tác giả khẳng định mô hình cải thiện độ chính xác ở cả hai tác vụ ước tính độ sâu và trích xuất văn bản, phát hiện ký tự nhỏ tốt hơn so với YOLOv3.","Dataset tổng hợp 3D toàn diện (183 lớp biển báo Nhật Bản, đa dạng ánh sáng/thời tiết/góc nhìn, dựng bằng Blender); kết hợp phát hiện đối tượng + ước tính độ sâu + trích xuất văn bản trong một mô hình; kiến trúc nhẹ (depthwise convolution), anchorless giúp đơn giản hóa hậu xử lý.",Thiếu số liệu định lượng cụ thể trong phần công khai; chỉ so sánh với YOLOv3; dataset chỉ tập trung biển báo Nhật Bản (hạn chế khả năng tổng quát hóa); dữ liệu tổng hợp thiếu tương quan ánh sáng giữa vật thể nền trước và nền; chưa đánh giá trên dữ liệu/video thực tế.,https://www.mdpi.com/2076-3417/14/14/6352,Hùng,
5,5,Sensor Fusion Method for Object Detection and Distance Estimation in Assisted Driving Applications,2026,"Hợp nhất dữ liệu đa cảm biến theo thời gian thực là bài toán quan trọng trong ADAS; cần một khung công tác (framework) mở, hiệu quả để ước tính khoảng cách giữa xe và vật thể trên đường, triển khai được trên phần cứng thương mại có tài nguyên hạn chế.","Hợp nhất cảm biến mức thấp (low-level sensor fusion) dựa trên phép chiếu hình học; đồng bộ thời gian bằng ApproximateTime policy; xử lý điểm mây (lọc nhiễu, voxel-grid downsampling, phân cụm Euclidean); chiếu 3D→2D bằng mô hình camera pinhole; phát hiện đối tượng bằng YOLOv7.","Camera ZED2 (độ phân giải 2.2K, FoV 120°) + LiDAR PandarXT-32 (32 kênh); phần cứng NVIDIA Jetson AGX Xavier (Ubuntu 20.04); dữ liệu thu tại các kịch bản đô thị thực tế (bãi đỗ xe, đường ngoại ô, khu dân cư); 26 lớp vật thể (phương tiện, tín hiệu giao thông...).","Pipeline chạy ổn định ở 5 Hz trên phần cứng nhúng; đạt độ chính xác tốt trong phát hiện vật thể và ước tính khoảng cách; giải pháp linh hoạt, tiết kiệm tài nguyên cho việc liên kết dữ liệu từ các cảm biến ô tô phổ biến.","Mã nguồn mở, có khả năng mở rộng trên phần cứng thương mại; kết hợp hiệu quả 3 thành phần: chuẩn hóa cảm biến, object detection và xử lý point cloud; kiểm định trong nhiều kịch bản đô thị thực tế; phù hợp để prototyping nhanh logic điều khiển ADAS.","Tốc độ xử lý chỉ đạt 5 Hz (chưa phải thời gian thực cao); LiDAR giảm hiệu quả ở khoảng cách xa (điểm mây thưa hơn); hiệu suất giảm trong thời tiết xấu (mưa, tuyết, sương mù); phương pháp lọc mặt đất đơn giản (ngưỡng trục z) chưa đủ mạnh mẽ trong mọi tình huống.",https://www.mdpi.com/1424-8220/24/24/7895,Hùng,"Ghi chú: theo metadata xuất bản (MDPI Sensors, Vol. 24, Issue 24, đăng 10/12/2024), bài báo có vẻ xuất bản năm 2024 chứ không phải 2026 như đã điền ở cột year — vui lòng kiểm tra lại (có thể là bản in lại/erratum)."
6,6,,,,,,,,,,,
7,7,A MULTIMODAL TRANSFORMER-BASED ARCHITECTURE FOR VIETNAMESE IMAGE CAPTIONING FOCUSING TRAFFIC SCENES,2025,"Thiếu hệ thống mô tả ảnh (image captioning) chất lượng cao bằng tiếng Việt cho lĩnh vực giao thông; hầu hết tài nguyên hiện có tập trung vào miền tổng quát và ưu tiên tiếng Anh, cản trở phát triển công nghệ hỗ trợ người khiếm thị khi tham gia giao thông.","Kiến trúc Encoder-Decoder đa phương thức: Vision Transformer (ViT) trích xuất đặc trưng ảnh, GPT-2 sinh mô tả văn bản, BARTpho tokenizer xử lý tiếng Việt, LoRA để tinh chỉnh hiệu quả tham số mô hình.","Bộ dữ liệu tự xây dựng TPC37k (Traffic Pictures Captioning): 37.056 ảnh sau tăng cường dữ liệu, từ 9.300 ảnh gốc thu thập từ web; gán nhãn tự động bằng Gemini 2.0 Flash, 80% được chỉnh sửa thủ công; áp dụng các kỹ thuật tăng cường (biến đổi pixel, không gian, thêm nhiễu).","Trên TPC37k: BLEU-1 = 54,7; BLEU-4 = 34,1; ROUGE-L = 84,7; CIDEr = 142,5 — vượt trội so với các baseline (ResNet101-LSTM, ViT-Transformer).",Bộ dữ liệu chuyên biệt cho giao thông với cấu trúc mẫu nhất quán cao; kết hợp hiệu quả các mô hình pretrained; giải quyết bất khớp tokenizer giữa BARTpho và GPT-2 nhờ LoRA; chú thích tiếng Việt chất lượng cao (80% chỉnh sửa thủ công).,Đôi khi không phát hiện được các chi tiết thị giác nhỏ (như ký tự/hình vẽ trên biển báo); độ tin cậy thấp khi biểu đạt thông tin không gian trái/phải; cần cải thiện khả năng lý giải không gian và nhận diện biểu tượng chi tiết.,https://jst-haui.vn/media/32/uffile-upload-no-title32305.pdf,Dangrangto,
8,8,Traffic Sign Detection and Recognition Using YOLO Object,2024,"Tổng hợp có hệ thống (Systematic Literature Review) về ứng dụng YOLO trong phát hiện & nhận dạng biển báo giao thông, trả lời 5 câu hỏi nghiên cứu: (1) ứng dụng chính, (2) các dataset sử dụng, (3) các metric đánh giá, (4) phần cứng triển khai, (5) các thách thức/vấn đề còn tồn tại.","SLR 2016–2022, 9 cơ sở dữ liệu, lọc 594.890 → 115 bài, chỉ YOLO v1–v5","https://www.kaggle.com/datasets/meowmeowmeowmeowmeow/gtsrb-german-traffic-sign
https://www.kaggle.com/datasets/safabouguezzi/german-traffic-sign-detection-benchmark-gtsdb
https://datasetninja.com/tt100k-2021?utm
https://huggingface.co/datasets/PrashantDixit0/TT-100K?utm
https://www.kaggle.com/datasets/haoqinhong/cctsdb-aug-ijcnn-2024","Ứng dụng chính: ADAS, lái xe tự động. YOLOv5 tốt nhất (mAP@50 ~89%, ~84 FPS). GPU phổ biến: V100, RTX 2080 Ti; nhúng: Jetson Xavier NX.","YOLOv5 tốt nhất (mAP ~89%); thiếu nghiên cứu về biển hư hỏng, khác biệt vùng","So sánh thiếu thống kê, có lỗi số liệu

7 nhóm (ánh sáng, thời tiết, che khuất, biển hư hỏng, cảnh phức tạp, chất lượng ảnh, vùng địa lý). Biển hư hỏng và khác biệt vùng địa lý ít được nghiên cứu nhất.",https://www.mdpi.com/2227-7390/12/2/297,Huy,
9,9,Real-Time Object Detection and Distance Measurement for Self-Driven Cars Employing Deep Learning (2025),2025,"Phát hiện vật thể và ước tính khoảng cách theo thời gian thực cho xe tự lái, xử lý các điều kiện môi trường thay đổi (ánh sáng, thời tiết), vật thể nhỏ/ở xa, trong khi vẫn đòi hỏi tốc độ xử lý cao để điều hướng an toàn.","Kết hợp YOLOv5 (single-stage object detection) với MiDaS (monocular depth estimation); áp dụng transfer learning, data augmentation và Feature Pyramid Network để cải thiện phát hiện đa tỉ lệ.","KITTI Dataset (chính); Waymo Open Dataset (bổ sung, kiểm chứng chéo); Cityscapes Dataset (pre-training).","mAP@0.5 = 87,03 (KITTI), 85,83 (Waymo); tốc độ suy luận 26 ms/frame (~38 FPS); RMSE khoảng cách 1,67 m (KITTI) / 1,83 m (Waymo); lỗi tương đối 0,12; độ chính xác theo loại vật thể: xe 91,2%, người đi bộ 82,7%, biển báo 79,8%.",Xử lý thời gian thực ổn định (38 FPS); kết hợp hiệu quả object detection + depth estimation; không cần LiDAR hay camera đôi (tiết kiệm chi phí); data augmentation giúp thích ứng đa điều kiện; độ chính xác cao trên các dataset chuẩn.,"Kém hiệu quả với vật thể nhỏ hoặc ở xa; hiệu suất giảm trong thời tiết xấu (mưa, sương mù, tuyết); lỗi tăng khi người đi bộ bị che khuất; yêu cầu phần cứng mạnh (GPU RTX 3090); mô hình depth monocular kém chính xác hơn LiDAR ở khoảng cách xa.",https://www.researchgate.net/profile/Mohammed-Faris-Ahmed/publication/389204488_Real-Time_Object_Detection_and_Distance_Measurement_for_Self-Driven_Cars_Employing_Deep_Learning/links/67b86fc9f5cb8f70d5b97374/Real-Time-Object-Detection-and-Distance-Measurement-for-Self-Driven-Cars-Employing-Deep-Learning.pdf,Huy,
10,10,,,,,,,,,,,
